"","SNP","effect_allele.exposure","other_allele.exposure","effect_allele.outcome","other_allele.outcome","beta.exposure","beta.outcome","eaf.exposure","eaf.outcome","remove","palindromic","ambiguous","id.outcome","pval.outcome","se.outcome","outcome","mr_keep.outcome","pval_origin.outcome","data_source.outcome","se.exposure","pval.exposure","exposure","mr_keep.exposure","pval_origin.exposure","id.exposure","data_source.exposure","action","mr_keep","samplesize.outcome"
"1","rs1046896","T","C","T","C",0.028,-0.040613683,0.3162,NA,FALSE,FALSE,FALSE,"6w4dEU",0.151,0.028252985,"Oral and oropharyngeal cancer",TRUE,"reported","textfile",0.0017,4.46e-64,"Glycated haemoglobin",TRUE,"reported","5BU4SZ","textfile",2,TRUE,NA
"2","rs10774625","G","A","G","A",0.009,0.055195635,0.5056,NA,FALSE,FALSE,FALSE,"6w4dEU",0.04646,0.02776742,"Oral and oropharyngeal cancer",TRUE,"reported","textfile",0.0016,1.46e-08,"Glycated haemoglobin",TRUE,"reported","5BU4SZ","textfile",2,TRUE,NA
"3","rs10830963","G","C","G","C",0.02,-0.021121497,0.2938,NA,FALSE,TRUE,TRUE,"6w4dEU",0.5216,0.032143684,"Oral and oropharyngeal cancer",TRUE,"reported","textfile",0.002,2.23e-23,"Glycated haemoglobin",TRUE,"reported","5BU4SZ","textfile",2,FALSE,NA
"4","rs11248914","T","C","T","C",0.014,-0.06363186,0.647,NA,FALSE,FALSE,FALSE,"6w4dEU",0.02175,0.027766171,"Oral and oropharyngeal cancer",TRUE,"reported","textfile",0.0019,2.56e-14,"Glycated haemoglobin",TRUE,"reported","5BU4SZ","textfile",2,TRUE,NA
"5","rs11558471","A","G","A","G",0.015,-0.048980622,0.6745,NA,FALSE,FALSE,FALSE,"6w4dEU",0.09716,0.029551625,"Oral and oropharyngeal cancer",TRUE,"reported","textfile",0.0017,1.38e-19,"Glycated haemoglobin",TRUE,"reported","5BU4SZ","textfile",2,TRUE,NA
"6","rs11603334","G","A","G","A",0.012,-0.030529205,0.815,NA,FALSE,FALSE,FALSE,"6w4dEU",0.4333,0.038287139,"Oral and oropharyngeal cancer",TRUE,"reported","textfile",0.0021,6.85e-09,"Glycated haemoglobin",TRUE,"reported","5BU4SZ","textfile",2,TRUE,NA
"7","rs11619319","G","A","G","A",0.009,-0.021938908,0.2327,NA,FALSE,FALSE,FALSE,"6w4dEU",0.4913,0.031174991,"Oral and oropharyngeal cancer",TRUE,"reported","textfile",0.0019,4.58e-07,"Glycated haemoglobin",TRUE,"reported","5BU4SZ","textfile",2,TRUE,NA
"8","rs11708067","A","G","A","G",0.013,-0.022250609,0.7542,NA,FALSE,FALSE,FALSE,"6w4dEU",0.4909,0.031589853,"Oral and oropharyngeal cancer",TRUE,"reported","textfile",0.0019,1.42e-12,"Glycated haemoglobin",TRUE,"reported","5BU4SZ","textfile",2,TRUE,NA
"9","rs11964178","A","G","A","G",0.01,0.024395157,0.5666,NA,FALSE,FALSE,FALSE,"6w4dEU",0.3665,0.026675302,"Oral and oropharyngeal cancer",TRUE,"reported","textfile",0.0016,6.38e-10,"Glycated haemoglobin",TRUE,"reported","5BU4SZ","textfile",2,TRUE,NA
"10","rs12621844","T","C","T","C",0.01,-0.010151351,0.5999,NA,FALSE,FALSE,FALSE,"6w4dEU",0.7149,0.026510735,"Oral and oropharyngeal cancer",TRUE,"reported","textfile",0.0018,1.87e-08,"Glycated haemoglobin",TRUE,"reported","5BU4SZ","textfile",2,TRUE,NA
"11","rs13134327","A","G","A","G",0.013,0.016562088,0.3335,NA,FALSE,FALSE,FALSE,"6w4dEU",0.56,0.0276123,"Oral and oropharyngeal cancer",TRUE,"reported","textfile",0.0017,2.64e-15,"Glycated haemoglobin",TRUE,"reported","5BU4SZ","textfile",2,TRUE,NA
"12","rs1467311","G","A","G","A",0.009,-0.017643435,0.3508,NA,FALSE,FALSE,FALSE,"6w4dEU",0.5454,0.028394344,"Oral and oropharyngeal cancer",TRUE,"reported","textfile",0.0017,2.09e-07,"Glycated haemoglobin",TRUE,"reported","5BU4SZ","textfile",2,TRUE,NA
"13","rs1558902","A","T","A","T",0.01,-0.053822807,0.4128,NA,FALSE,TRUE,TRUE,"6w4dEU",0.05573,0.028179658,"Oral and oropharyngeal cancer",TRUE,"reported","textfile",0.0019,3.27e-08,"Glycated haemoglobin",TRUE,"reported","5BU4SZ","textfile",2,FALSE,NA
"14","rs174577","C","A","C","A",0.008,0.038013442,0.6485,NA,FALSE,FALSE,FALSE,"6w4dEU",0.1708,0.027703238,"Oral and oropharyngeal cancer",TRUE,"reported","textfile",0.0017,5.45e-07,"Glycated haemoglobin",TRUE,"reported","5BU4SZ","textfile",2,TRUE,NA
"15","rs17509001","C","T","C","T",0.018,-0.024190239,0.1576,NA,FALSE,FALSE,FALSE,"6w4dEU",0.5276,0.037329507,"Oral and oropharyngeal cancer",TRUE,"reported","textfile",0.0023,1.94e-15,"Glycated haemoglobin",TRUE,"reported","5BU4SZ","textfile",2,TRUE,NA
"16","rs17533903","A","G","A","G",0.015,-0.009242581,0.2428,NA,FALSE,FALSE,FALSE,"6w4dEU",0.7877,0.032376802,"Oral and oropharyngeal cancer",TRUE,"reported","textfile",0.0022,5.27e-12,"Glycated haemoglobin",TRUE,"reported","5BU4SZ","textfile",2,TRUE,NA
"17","rs17747324","C","T","C","T",0.015,-0.073108472,0.2489,NA,FALSE,FALSE,FALSE,"6w4dEU",0.02391,0.03241474,"Oral and oropharyngeal cancer",TRUE,"reported","textfile",0.0023,6.12e-11,"Glycated haemoglobin",TRUE,"reported","5BU4SZ","textfile",2,TRUE,NA
"18","rs1800562","G","A","G","A",0.04,-0.036717583,0.9279,NA,FALSE,FALSE,FALSE,"6w4dEU",0.5542,0.060356592,"Oral and oropharyngeal cancer",TRUE,"reported","textfile",0.0036,4.67e-28,"Glycated haemoglobin",TRUE,"reported","5BU4SZ","textfile",2,TRUE,NA
"19","rs2191349","T","G","T","G",0.009,-0.02306394,0.532,NA,FALSE,FALSE,FALSE,"6w4dEU",0.3849,0.026177379,"Oral and oropharyngeal cancer",TRUE,"reported","textfile",0.0017,2.09e-07,"Glycated haemoglobin",TRUE,"reported","5BU4SZ","textfile",2,TRUE,NA
"20","rs2375278","A","G","A","G",0.011,0.004589452,0.1888,NA,FALSE,FALSE,FALSE,"6w4dEU",0.8991,0.033415327,"Oral and oropharyngeal cancer",TRUE,"reported","textfile",0.0022,2.03e-07,"Glycated haemoglobin",TRUE,"reported","5BU4SZ","textfile",2,TRUE,NA
"21","rs2383208","A","G","A","G",0.014,-0.005683816,0.7992,NA,FALSE,FALSE,FALSE,"6w4dEU",0.8655,0.031203753,"Oral and oropharyngeal cancer",TRUE,"reported","textfile",0.0021,7.04e-12,"Glycated haemoglobin",TRUE,"reported","5BU4SZ","textfile",2,TRUE,NA
"22","rs267738","T","G","T","G",0.011,-0.014888612,0.7701,NA,FALSE,FALSE,FALSE,"6w4dEU",0.6673,0.033251773,"Oral and oropharyngeal cancer",TRUE,"reported","textfile",0.0019,2.59e-09,"Glycated haemoglobin",TRUE,"reported","5BU4SZ","textfile",2,TRUE,NA
"23","rs282587","G","A","G","A",0.019,-0.028976108,0.1513,NA,FALSE,FALSE,FALSE,"6w4dEU",0.4632,0.038721883,"Oral and oropharyngeal cancer",TRUE,"reported","textfile",0.0027,1.7e-12,"Glycated haemoglobin",TRUE,"reported","5BU4SZ","textfile",2,TRUE,NA
"24","rs3782123","C","A","C","A",0.013,-0.005917474,0.3205,NA,FALSE,FALSE,FALSE,"6w4dEU",0.841,0.027561446,"Oral and oropharyngeal cancer",TRUE,"reported","textfile",0.002,1.51e-10,"Glycated haemoglobin",TRUE,"reported","5BU4SZ","textfile",2,TRUE,NA
"25","rs4607517","A","G","A","G",0.031,-0.002302649,0.2017,NA,FALSE,FALSE,FALSE,"6w4dEU",0.9476,0.031973148,"Oral and oropharyngeal cancer",TRUE,"reported","textfile",0.0024,8.76e-38,"Glycated haemoglobin",TRUE,"reported","5BU4SZ","textfile",2,TRUE,NA
"26","rs4737009","A","G","A","G",0.021,-0.036041771,0.2531,NA,FALSE,FALSE,FALSE,"6w4dEU",0.2291,0.029832167,"Oral and oropharyngeal cancer",TRUE,"reported","textfile",0.002,4.48e-27,"Glycated haemoglobin",TRUE,"reported","5BU4SZ","textfile",2,TRUE,NA
"27","rs4745982","T","G","T","G",0.095,-0.063538021,0.8726,NA,FALSE,FALSE,FALSE,"6w4dEU",0.2427,0.054102892,"Oral and oropharyngeal cancer",TRUE,"reported","textfile",0.0056,2.87e-65,"Glycated haemoglobin",TRUE,"reported","5BU4SZ","textfile",2,TRUE,NA
"28","rs4783565","A","G","A","G",0.009,0.099030523,0.2941,NA,FALSE,FALSE,FALSE,"6w4dEU",0.001415,0.030929315,"Oral and oropharyngeal cancer",TRUE,"reported","textfile",0.0018,1.73e-07,"Glycated haemoglobin",TRUE,"reported","5BU4SZ","textfile",2,TRUE,NA
"29","rs4820268","G","A","G","A",0.016,-0.007629027,0.4606,NA,FALSE,FALSE,FALSE,"6w4dEU",0.7759,0.025331067,"Oral and oropharyngeal cancer",TRUE,"reported","textfile",0.0017,1.4e-22,"Glycated haemoglobin",TRUE,"reported","5BU4SZ","textfile",2,TRUE,NA
"30","rs560887","C","T","C","T",0.028,0.012376271,0.6843,NA,FALSE,FALSE,FALSE,"6w4dEU",0.6814,0.028888055,"Oral and oropharyngeal cancer",TRUE,"reported","textfile",0.0018,1.48e-58,"Glycated haemoglobin",TRUE,"reported","5BU4SZ","textfile",2,TRUE,NA
"31","rs579459","C","T","C","T",0.011,0.030529205,0.2389,NA,FALSE,FALSE,FALSE,"6w4dEU",0.3456,0.032007456,"Oral and oropharyngeal cancer",TRUE,"reported","textfile",0.0019,9.42e-09,"Glycated haemoglobin",TRUE,"reported","5BU4SZ","textfile",2,TRUE,NA
"32","rs592423","A","C","A","C",0.009,0.030665414,0.4566,NA,FALSE,FALSE,FALSE,"6w4dEU",0.2533,0.026688754,"Oral and oropharyngeal cancer",TRUE,"reported","textfile",0.0017,3.96e-08,"Glycated haemoglobin",TRUE,"reported","5BU4SZ","textfile",2,TRUE,NA
"33","rs6474359","T","C","T","C",0.044,-0.010544214,0.953,NA,FALSE,FALSE,FALSE,"6w4dEU",0.8671,0.058571358,"Oral and oropharyngeal cancer",TRUE,"reported","textfile",0.0053,1.5e-16,"Glycated haemoglobin",TRUE,"reported","5BU4SZ","textfile",2,TRUE,NA
"34","rs7040409","C","G","C","G",0.028,-0.085259844,0.8953,NA,FALSE,TRUE,TRUE,"6w4dEU",0.08925,0.050222214,"Oral and oropharyngeal cancer",TRUE,"reported","textfile",0.0037,2.56e-14,"Glycated haemoglobin",TRUE,"reported","5BU4SZ","textfile",2,FALSE,NA
"35","rs7616006","A","G","A","G",0.01,-0.01202738,0.5744,NA,FALSE,FALSE,FALSE,"6w4dEU",0.6615,0.026390816,"Oral and oropharyngeal cancer",TRUE,"reported","textfile",0.0017,5.07e-10,"Glycated haemoglobin",TRUE,"reported","5BU4SZ","textfile",2,TRUE,NA
"36","rs8192675","T","C","T","C",0.011,-0.025765208,0.6906,NA,FALSE,FALSE,FALSE,"6w4dEU",0.3706,0.028407718,"Oral and oropharyngeal cancer",TRUE,"reported","textfile",0.0017,1.38e-11,"Glycated haemoglobin",TRUE,"reported","5BU4SZ","textfile",2,TRUE,NA
"37","rs837763","T","C","T","C",0.017,-0.004987542,0.5548,NA,FALSE,FALSE,FALSE,"6w4dEU",0.8522,0.024959012,"Oral and oropharyngeal cancer",TRUE,"reported","textfile",0.0016,1.68e-28,"Glycated haemoglobin",TRUE,"reported","5BU4SZ","textfile",2,TRUE,NA
"38","rs857691","T","C","T","C",0.019,0.009653257,0.2715,NA,FALSE,FALSE,FALSE,"6w4dEU",0.7488,0.028615075,"Oral and oropharyngeal cancer",TRUE,"reported","textfile",0.0019,3.97e-25,"Glycated haemoglobin",TRUE,"reported","5BU4SZ","textfile",2,TRUE,NA
"39","rs9818758","A","G","A","G",0.012,0.023716527,0.2028,NA,FALSE,FALSE,FALSE,"6w4dEU",0.5026,0.034563191,"Oral and oropharyngeal cancer",TRUE,"reported","textfile",0.002,7.74e-10,"Glycated haemoglobin",TRUE,"reported","5BU4SZ","textfile",2,TRUE,NA
"40","rs9914988","A","G","A","G",0.013,-0.022654691,0.7877,NA,FALSE,FALSE,FALSE,"6w4dEU",0.4828,0.031593175,"Oral and oropharyngeal cancer",TRUE,"reported","textfile",0.002,2.77e-11,"Glycated haemoglobin",TRUE,"reported","5BU4SZ","textfile",2,TRUE,NA
